"","Photo","Group","Class","sizeLow","sizeUp"
"1",1,"P1","c1",NA,4
"2",1,"P1","c1",NA,4
"3",1,"P1","c1",NA,4
"4",1,"P1","c1",NA,4
"5",1,"P1","c1",NA,4
"6",1,"P1","c1",NA,4
"7",1,"P1","c1",NA,4
"8",1,"P1","c1",NA,4
"9",1,"P1","c1",NA,4
"10",1,"P1","c1",NA,4
"11",1,"P1","c1",NA,4
"12",1,"P1","c1",NA,4
"13",1,"P1","c1",NA,4
"14",1,"P1","c1",NA,4
"15",1,"P1","c1",NA,4
"16",1,"P1","c1",NA,4
"17",1,"P1","c1",NA,4
"18",1,"P1","c1",NA,4
"19",1,"P1","c1",NA,4
"20",1,"P1","c1",NA,4
"21",1,"P1","c1",NA,4
"22",2,"P1","c1",NA,4
"23",2,"P1","c1",NA,4
"24",2,"P1","c1",NA,4
"25",2,"P1","c1",NA,4
"26",2,"P1","c1",NA,4
"27",2,"P1","c1",NA,4
"28",2,"P1","c1",NA,4
"29",2,"P1","c1",NA,4
"30",2,"P1","c1",NA,4
"31",2,"P1","c1",NA,4
"32",2,"P1","c1",NA,4
"33",2,"P1","c1",NA,4
"34",2,"P1","c1",NA,4
"35",2,"P1","c1",NA,4
"36",2,"P1","c1",NA,4
"37",2,"P1","c1",NA,4
"38",2,"P1","c1",NA,4
"39",2,"P1","c1",NA,4
"40",2,"P1","c1",NA,4
"41",2,"P1","c1",NA,4
"42",2,"P1","c1",NA,4
"43",2,"P1","c1",NA,4
"44",2,"P1","c1",NA,4
"45",3,"P1","c1",NA,4
"46",3,"P1","c1",NA,4
"47",3,"P1","c1",NA,4
"48",3,"P1","c1",NA,4
"49",3,"P1","c1",NA,4
"50",3,"P1","c1",NA,4
"51",3,"P1","c1",NA,4
"52",3,"P1","c1",NA,4
"53",3,"P1","c1",NA,4
"54",3,"P1","c1",NA,4
"55",3,"P1","c1",NA,4
"56",3,"P1","c1",NA,4
"57",3,"P1","c1",NA,4
"58",3,"P1","c1",NA,4
"59",3,"P1","c1",NA,4
"60",3,"P1","c1",NA,4
"61",3,"P1","c1",NA,4
"62",4,"P1","c1",NA,4
"63",4,"P1","c1",NA,4
"64",4,"P1","c1",NA,4
"65",4,"P1","c1",NA,4
"66",4,"P1","c1",NA,4
"67",4,"P1","c1",NA,4
"68",4,"P1","c1",NA,4
"69",4,"P1","c1",NA,4
"70",4,"P1","c1",NA,4
"71",4,"P1","c1",NA,4
"72",4,"P1","c1",NA,4
"73",4,"P1","c1",NA,4
"74",4,"P1","c1",NA,4
"75",4,"P1","c1",NA,4
"76",4,"P1","c1",NA,4
"77",4,"P1","c1",NA,4
"78",4,"P1","c1",NA,4
"79",4,"P1","c1",NA,4
"80",4,"P1","c1",NA,4
"81",4,"P1","c1",NA,4
"82",4,"P1","c1",NA,4
"83",4,"P1","c1",NA,4
"84",4,"P1","c1",NA,4
"85",4,"P1","c1",NA,4
"86",5,"P1","c1",NA,4
"87",5,"P1","c1",NA,4
"88",5,"P1","c1",NA,4
"89",5,"P1","c1",NA,4
"90",5,"P1","c1",NA,4
"91",5,"P1","c1",NA,4
"92",5,"P1","c1",NA,4
"93",5,"P1","c1",NA,4
"94",5,"P1","c1",NA,4
"95",5,"P1","c1",NA,4
"96",5,"P1","c1",NA,4
"97",5,"P1","c1",NA,4
"98",5,"P1","c1",NA,4
"99",5,"P1","c1",NA,4
"100",5,"P1","c1",NA,4
"101",5,"P1","c1",NA,4
"102",5,"P1","c1",NA,4
"103",5,"P1","c1",NA,4
"104",5,"P1","c1",NA,4
"105",6,"P1","c1",NA,4
"106",6,"P1","c1",NA,4
"107",6,"P1","c1",NA,4
"108",6,"P1","c1",NA,4
"109",6,"P1","c1",NA,4
"110",6,"P1","c1",NA,4
"111",6,"P1","c1",NA,4
"112",6,"P1","c1",NA,4
"113",6,"P1","c1",NA,4
"114",6,"P1","c1",NA,4
"115",6,"P1","c1",NA,4
"116",6,"P1","c1",NA,4
"117",6,"P1","c1",NA,4
"118",7,"P1","c1",NA,4
"119",7,"P1","c1",NA,4
"120",7,"P1","c1",NA,4
"121",7,"P1","c1",NA,4
"122",7,"P1","c1",NA,4
"123",7,"P1","c1",NA,4
"124",7,"P1","c1",NA,4
"125",7,"P1","c1",NA,4
"126",7,"P1","c1",NA,4
"127",7,"P1","c1",NA,4
"128",7,"P1","c1",NA,4
"129",7,"P1","c1",NA,4
"130",7,"P1","c1",NA,4
"131",7,"P1","c1",NA,4
"132",7,"P1","c1",NA,4
"133",7,"P1","c1",NA,4
"134",7,"P1","c1",NA,4
"135",7,"P1","c1",NA,4
"136",7,"P1","c1",NA,4
"137",7,"P1","c1",NA,4
"138",7,"P1","c1",NA,4
"139",7,"P1","c1",NA,4
"140",7,"P1","c1",NA,4
"141",7,"P1","c1",NA,4
"142",7,"P1","c1",NA,4
"143",7,"P1","c1",NA,4
"144",7,"P1","c1",NA,4
"145",7,"P1","c1",NA,4
"146",7,"P1","c1",NA,4
"147",7,"P1","c1",NA,4
"148",7,"P1","c1",NA,4
"149",7,"P1","c1",NA,4
"150",7,"P1","c1",NA,4
"151",7,"P1","c1",NA,4
"152",8,"P1","c1",NA,4
"153",8,"P1","c1",NA,4
"154",8,"P1","c1",NA,4
"155",8,"P1","c1",NA,4
"156",8,"P1","c1",NA,4
"157",8,"P1","c1",NA,4
"158",8,"P1","c1",NA,4
"159",8,"P1","c1",NA,4
"160",8,"P1","c1",NA,4
"161",8,"P1","c1",NA,4
"162",8,"P1","c1",NA,4
"163",8,"P1","c1",NA,4
"164",8,"P1","c1",NA,4
"165",8,"P1","c1",NA,4
"166",8,"P1","c1",NA,4
"167",8,"P1","c1",NA,4
"168",8,"P1","c1",NA,4
"169",8,"P1","c1",NA,4
"170",8,"P1","c1",NA,4
"171",8,"P1","c1",NA,4
"172",8,"P1","c1",NA,4
"173",8,"P1","c1",NA,4
"174",8,"P1","c1",NA,4
"175",9,"P1","c1",NA,4
"176",9,"P1","c1",NA,4
"177",9,"P1","c1",NA,4
"178",9,"P1","c1",NA,4
"179",9,"P1","c1",NA,4
"180",9,"P1","c1",NA,4
"181",9,"P1","c1",NA,4
"182",9,"P1","c1",NA,4
"183",9,"P1","c1",NA,4
"184",9,"P1","c1",NA,4
"185",9,"P1","c1",NA,4
"186",9,"P1","c1",NA,4
"187",9,"P1","c1",NA,4
"188",9,"P1","c1",NA,4
"189",9,"P1","c1",NA,4
"190",9,"P1","c1",NA,4
"191",9,"P1","c1",NA,4
"192",9,"P1","c1",NA,4
"193",9,"P1","c1",NA,4
"194",9,"P1","c1",NA,4
"195",9,"P1","c1",NA,4
"196",10,"P1","c1",NA,4
"197",10,"P1","c1",NA,4
"198",10,"P1","c1",NA,4
"199",10,"P1","c1",NA,4
"200",10,"P1","c1",NA,4
"201",10,"P1","c1",NA,4
"202",10,"P1","c1",NA,4
"203",10,"P1","c1",NA,4
"204",10,"P1","c1",NA,4
"205",10,"P1","c1",NA,4
"206",10,"P1","c1",NA,4
"207",10,"P1","c1",NA,4
"208",10,"P1","c1",NA,4
"209",10,"P1","c1",NA,4
"210",10,"P1","c1",NA,4
"211",10,"P1","c1",NA,4
"212",10,"P1","c1",NA,4
"213",10,"P1","c1",NA,4
"214",10,"P1","c1",NA,4
"215",10,"P1","c1",NA,4
"216",10,"P1","c1",NA,4
"217",10,"P1","c1",NA,4
"218",10,"P1","c1",NA,4
"219",10,"P1","c1",NA,4
"220",10,"P1","c1",NA,4
"221",10,"P1","c1",NA,4
"222",11,"P1","c1",NA,4
"223",11,"P1","c1",NA,4
"224",11,"P1","c1",NA,4
"225",11,"P1","c1",NA,4
"226",11,"P1","c1",NA,4
"227",11,"P1","c1",NA,4
"228",11,"P1","c1",NA,4
"229",11,"P1","c1",NA,4
"230",11,"P1","c1",NA,4
"231",11,"P1","c1",NA,4
"232",11,"P1","c1",NA,4
"233",11,"P1","c1",NA,4
"234",11,"P1","c1",NA,4
"235",11,"P1","c1",NA,4
"236",11,"P1","c1",NA,4
"237",11,"P1","c1",NA,4
"238",11,"P1","c1",NA,4
"239",11,"P1","c1",NA,4
"240",11,"P1","c1",NA,4
"241",11,"P1","c1",NA,4
"242",11,"P1","c1",NA,4
"243",11,"P1","c1",NA,4
"244",11,"P1","c1",NA,4
"245",11,"P1","c1",NA,4
"246",11,"P1","c1",NA,4
"247",11,"P1","c1",NA,4
"248",11,"P1","c1",NA,4
"249",11,"P1","c1",NA,4
"250",11,"P1","c1",NA,4
"251",12,"P1","c1",NA,4
"252",12,"P1","c1",NA,4
"253",12,"P1","c1",NA,4
"254",12,"P1","c1",NA,4
"255",12,"P1","c1",NA,4
"256",12,"P1","c1",NA,4
"257",12,"P1","c1",NA,4
"258",12,"P1","c1",NA,4
"259",12,"P1","c1",NA,4
"260",12,"P1","c1",NA,4
"261",12,"P1","c1",NA,4
"262",12,"P1","c1",NA,4
"263",12,"P1","c1",NA,4
"264",12,"P1","c1",NA,4
"265",12,"P1","c1",NA,4
"266",12,"P1","c1",NA,4
"267",12,"P1","c1",NA,4
"268",12,"P1","c1",NA,4
"269",12,"P1","c1",NA,4
"270",12,"P1","c1",NA,4
"271",12,"P1","c1",NA,4
"272",12,"P1","c1",NA,4
"273",12,"P1","c1",NA,4
"274",12,"P1","c1",NA,4
"275",12,"P1","c1",NA,4
"276",12,"P1","c1",NA,4
"277",12,"P1","c1",NA,4
"278",12,"P1","c1",NA,4
"279",12,"P1","c1",NA,4
"280",12,"P1","c1",NA,4
"281",12,"P1","c1",NA,4
"282",12,"P1","c1",NA,4
"283",12,"P1","c1",NA,4
"284",12,"P1","c1",NA,4
"285",12,"P1","c1",NA,4
"286",12,"P1","c1",NA,4
"287",12,"P1","c1",NA,4
"288",12,"P1","c1",NA,4
"289",12,"P1","c1",NA,4
"290",12,"P1","c1",NA,4
"291",13,"P2","c1",NA,4
"292",13,"P2","c1",NA,4
"293",13,"P2","c1",NA,4
"294",13,"P2","c1",NA,4
"295",13,"P2","c1",NA,4
"296",13,"P2","c1",NA,4
"297",13,"P2","c1",NA,4
"298",13,"P2","c1",NA,4
"299",13,"P2","c1",NA,4
"300",13,"P2","c1",NA,4
"301",13,"P2","c1",NA,4
"302",13,"P2","c1",NA,4
"303",13,"P2","c1",NA,4
"304",13,"P2","c1",NA,4
"305",13,"P2","c1",NA,4
"306",13,"P2","c1",NA,4
"307",13,"P2","c1",NA,4
"308",13,"P2","c1",NA,4
"309",13,"P2","c1",NA,4
"310",13,"P2","c1",NA,4
"311",13,"P2","c1",NA,4
"312",13,"P2","c1",NA,4
"313",13,"P2","c1",NA,4
"314",13,"P2","c1",NA,4
"315",13,"P2","c1",NA,4
"316",13,"P2","c1",NA,4
"317",13,"P2","c1",NA,4
"318",13,"P2","c1",NA,4
"319",13,"P2","c1",NA,4
"320",13,"P2","c1",NA,4
"321",13,"P2","c1",NA,4
"322",13,"P2","c1",NA,4
"323",13,"P2","c1",NA,4
"324",13,"P2","c1",NA,4
"325",13,"P2","c1",NA,4
"326",13,"P2","c1",NA,4
"327",13,"P2","c1",NA,4
"328",14,"P2","c1",NA,4
"329",14,"P2","c1",NA,4
"330",14,"P2","c1",NA,4
"331",14,"P2","c1",NA,4
"332",14,"P2","c1",NA,4
"333",14,"P2","c1",NA,4
"334",14,"P2","c1",NA,4
"335",14,"P2","c1",NA,4
"336",14,"P2","c1",NA,4
"337",14,"P2","c1",NA,4
"338",14,"P2","c1",NA,4
"339",14,"P2","c1",NA,4
"340",14,"P2","c1",NA,4
"341",14,"P2","c1",NA,4
"342",14,"P2","c1",NA,4
"343",14,"P2","c1",NA,4
"344",14,"P2","c1",NA,4
"345",14,"P2","c1",NA,4
"346",14,"P2","c1",NA,4
"347",14,"P2","c1",NA,4
"348",14,"P2","c1",NA,4
"349",14,"P2","c1",NA,4
"350",14,"P2","c1",NA,4
"351",14,"P2","c1",NA,4
"352",14,"P2","c1",NA,4
"353",14,"P2","c1",NA,4
"354",14,"P2","c1",NA,4
"355",14,"P2","c1",NA,4
"356",14,"P2","c1",NA,4
"357",14,"P2","c1",NA,4
"358",14,"P2","c1",NA,4
"359",15,"P2","c1",NA,4
"360",15,"P2","c1",NA,4
"361",15,"P2","c1",NA,4
"362",15,"P2","c1",NA,4
"363",15,"P2","c1",NA,4
"364",15,"P2","c1",NA,4
"365",15,"P2","c1",NA,4
"366",15,"P2","c1",NA,4
"367",15,"P2","c1",NA,4
"368",15,"P2","c1",NA,4
"369",15,"P2","c1",NA,4
"370",15,"P2","c1",NA,4
"371",15,"P2","c1",NA,4
"372",15,"P2","c1",NA,4
"373",15,"P2","c1",NA,4
"374",15,"P2","c1",NA,4
"375",15,"P2","c1",NA,4
"376",15,"P2","c1",NA,4
"377",15,"P2","c1",NA,4
"378",15,"P2","c1",NA,4
"379",15,"P2","c1",NA,4
"380",15,"P2","c1",NA,4
"381",15,"P2","c1",NA,4
"382",16,"P2","c1",NA,4
"383",16,"P2","c1",NA,4
"384",16,"P2","c1",NA,4
"385",16,"P2","c1",NA,4
"386",16,"P2","c1",NA,4
"387",16,"P2","c1",NA,4
"388",16,"P2","c1",NA,4
"389",16,"P2","c1",NA,4
"390",16,"P2","c1",NA,4
"391",16,"P2","c1",NA,4
"392",16,"P2","c1",NA,4
"393",16,"P2","c1",NA,4
"394",16,"P2","c1",NA,4
"395",16,"P2","c1",NA,4
"396",16,"P2","c1",NA,4
"397",16,"P2","c1",NA,4
"398",16,"P2","c1",NA,4
"399",16,"P2","c1",NA,4
"400",16,"P2","c1",NA,4
"401",16,"P2","c1",NA,4
"402",16,"P2","c1",NA,4
"403",16,"P2","c1",NA,4
"404",16,"P2","c1",NA,4
"405",16,"P2","c1",NA,4
"406",16,"P2","c1",NA,4
"407",16,"P2","c1",NA,4
"408",16,"P2","c1",NA,4
"409",16,"P2","c1",NA,4
"410",16,"P2","c1",NA,4
"411",16,"P2","c1",NA,4
"412",16,"P2","c1",NA,4
"413",16,"P2","c1",NA,4
"414",17,"P2","c1",NA,4
"415",17,"P2","c1",NA,4
"416",17,"P2","c1",NA,4
"417",17,"P2","c1",NA,4
"418",17,"P2","c1",NA,4
"419",17,"P2","c1",NA,4
"420",17,"P2","c1",NA,4
"421",17,"P2","c1",NA,4
"422",17,"P2","c1",NA,4
"423",17,"P2","c1",NA,4
"424",17,"P2","c1",NA,4
"425",17,"P2","c1",NA,4
"426",17,"P2","c1",NA,4
"427",17,"P2","c1",NA,4
"428",17,"P2","c1",NA,4
"429",17,"P2","c1",NA,4
"430",17,"P2","c1",NA,4
"431",17,"P2","c1",NA,4
"432",17,"P2","c1",NA,4
"433",17,"P2","c1",NA,4
"434",17,"P2","c1",NA,4
"435",17,"P2","c1",NA,4
"436",17,"P2","c1",NA,4
"437",17,"P2","c1",NA,4
"438",17,"P2","c1",NA,4
"439",17,"P2","c1",NA,4
"440",17,"P2","c1",NA,4
"441",17,"P2","c1",NA,4
"442",17,"P2","c1",NA,4
"443",17,"P2","c1",NA,4
"444",17,"P2","c1",NA,4
"445",17,"P2","c1",NA,4
"446",18,"P2","c1",NA,4
"447",18,"P2","c1",NA,4
"448",18,"P2","c1",NA,4
"449",18,"P2","c1",NA,4
"450",18,"P2","c1",NA,4
"451",18,"P2","c1",NA,4
"452",18,"P2","c1",NA,4
"453",18,"P2","c1",NA,4
"454",18,"P2","c1",NA,4
"455",18,"P2","c1",NA,4
"456",18,"P2","c1",NA,4
"457",18,"P2","c1",NA,4
"458",18,"P2","c1",NA,4
"459",18,"P2","c1",NA,4
"460",18,"P2","c1",NA,4
"461",18,"P2","c1",NA,4
"462",18,"P2","c1",NA,4
"463",18,"P2","c1",NA,4
"464",18,"P2","c1",NA,4
"465",18,"P2","c1",NA,4
"466",18,"P2","c1",NA,4
"467",18,"P2","c1",NA,4
"468",19,"P2","c1",NA,4
"469",19,"P2","c1",NA,4
"470",19,"P2","c1",NA,4
"471",19,"P2","c1",NA,4
"472",19,"P2","c1",NA,4
"473",19,"P2","c1",NA,4
"474",19,"P2","c1",NA,4
"475",19,"P2","c1",NA,4
"476",19,"P2","c1",NA,4
"477",19,"P2","c1",NA,4
"478",19,"P2","c1",NA,4
"479",19,"P2","c1",NA,4
"480",19,"P2","c1",NA,4
"481",19,"P2","c1",NA,4
"482",19,"P2","c1",NA,4
"483",19,"P2","c1",NA,4
"484",19,"P2","c1",NA,4
"485",19,"P2","c1",NA,4
"486",19,"P2","c1",NA,4
"487",19,"P2","c1",NA,4
"488",19,"P2","c1",NA,4
"489",19,"P2","c1",NA,4
"490",19,"P2","c1",NA,4
"491",19,"P2","c1",NA,4
"492",19,"P2","c1",NA,4
"493",19,"P2","c1",NA,4
"494",19,"P2","c1",NA,4
"495",19,"P2","c1",NA,4
"496",19,"P2","c1",NA,4
"497",20,"P2","c1",NA,4
"498",20,"P2","c1",NA,4
"499",20,"P2","c1",NA,4
"500",20,"P2","c1",NA,4
"501",20,"P2","c1",NA,4
"502",20,"P2","c1",NA,4
"503",20,"P2","c1",NA,4
"504",20,"P2","c1",NA,4
"505",20,"P2","c1",NA,4
"506",20,"P2","c1",NA,4
"507",20,"P2","c1",NA,4
"508",20,"P2","c1",NA,4
"509",20,"P2","c1",NA,4
"510",20,"P2","c1",NA,4
"511",20,"P2","c1",NA,4
"512",20,"P2","c1",NA,4
"513",20,"P2","c1",NA,4
"514",20,"P2","c1",NA,4
"515",20,"P2","c1",NA,4
"516",20,"P2","c1",NA,4
"517",20,"P2","c1",NA,4
"518",20,"P2","c1",NA,4
"519",20,"P2","c1",NA,4
"520",20,"P2","c1",NA,4
"521",20,"P2","c1",NA,4
"522",20,"P2","c1",NA,4
"523",20,"P2","c1",NA,4
"524",20,"P2","c1",NA,4
"525",21,"P2","c1",NA,4
"526",21,"P2","c1",NA,4
"527",21,"P2","c1",NA,4
"528",21,"P2","c1",NA,4
"529",21,"P2","c1",NA,4
"530",21,"P2","c1",NA,4
"531",21,"P2","c1",NA,4
"532",21,"P2","c1",NA,4
"533",21,"P2","c1",NA,4
"534",21,"P2","c1",NA,4
"535",21,"P2","c1",NA,4
"536",21,"P2","c1",NA,4
"537",21,"P2","c1",NA,4
"538",21,"P2","c1",NA,4
"539",21,"P2","c1",NA,4
"540",21,"P2","c1",NA,4
"541",21,"P2","c1",NA,4
"542",21,"P2","c1",NA,4
"543",21,"P2","c1",NA,4
"544",21,"P2","c1",NA,4
"545",21,"P2","c1",NA,4
"546",21,"P2","c1",NA,4
"547",21,"P2","c1",NA,4
"548",21,"P2","c1",NA,4
"549",21,"P2","c1",NA,4
"550",21,"P2","c1",NA,4
"551",21,"P2","c1",NA,4
"552",21,"P2","c1",NA,4
"553",22,"P2","c1",NA,4
"554",22,"P2","c1",NA,4
"555",22,"P2","c1",NA,4
"556",22,"P2","c1",NA,4
"557",22,"P2","c1",NA,4
"558",22,"P2","c1",NA,4
"559",22,"P2","c1",NA,4
"560",22,"P2","c1",NA,4
"561",22,"P2","c1",NA,4
"562",22,"P2","c1",NA,4
"563",22,"P2","c1",NA,4
"564",22,"P2","c1",NA,4
"565",22,"P2","c1",NA,4
"566",22,"P2","c1",NA,4
"567",22,"P2","c1",NA,4
"568",22,"P2","c1",NA,4
"569",22,"P2","c1",NA,4
"570",22,"P2","c1",NA,4
"571",22,"P2","c1",NA,4
"572",22,"P2","c1",NA,4
"573",22,"P2","c1",NA,4
"574",22,"P2","c1",NA,4
"575",22,"P2","c1",NA,4
"576",22,"P2","c1",NA,4
"577",22,"P2","c1",NA,4
"578",22,"P2","c1",NA,4
"579",22,"P2","c1",NA,4
"580",22,"P2","c1",NA,4
"581",22,"P2","c1",NA,4
"582",22,"P2","c1",NA,4
"583",22,"P2","c1",NA,4
"584",22,"P2","c1",NA,4
"585",22,"P2","c1",NA,4
"586",23,"P2","c1",NA,4
"587",23,"P2","c1",NA,4
"588",23,"P2","c1",NA,4
"589",23,"P2","c1",NA,4
"590",23,"P2","c1",NA,4
"591",23,"P2","c1",NA,4
"592",23,"P2","c1",NA,4
"593",23,"P2","c1",NA,4
"594",23,"P2","c1",NA,4
"595",23,"P2","c1",NA,4
"596",23,"P2","c1",NA,4
"597",23,"P2","c1",NA,4
"598",23,"P2","c1",NA,4
"599",23,"P2","c1",NA,4
"600",23,"P2","c1",NA,4
"601",23,"P2","c1",NA,4
"602",23,"P2","c1",NA,4
"603",23,"P2","c1",NA,4
"604",23,"P2","c1",NA,4
"605",23,"P2","c1",NA,4
"606",24,"P2","c1",NA,4
"607",24,"P2","c1",NA,4
"608",24,"P2","c1",NA,4
"609",24,"P2","c1",NA,4
"610",24,"P2","c1",NA,4
"611",24,"P2","c1",NA,4
"612",24,"P2","c1",NA,4
"613",24,"P2","c1",NA,4
"614",24,"P2","c1",NA,4
"615",24,"P2","c1",NA,4
"616",24,"P2","c1",NA,4
"617",24,"P2","c1",NA,4
"618",24,"P2","c1",NA,4
"619",24,"P2","c1",NA,4
"620",24,"P2","c1",NA,4
"621",24,"P2","c1",NA,4
"622",24,"P2","c1",NA,4
"623",24,"P2","c1",NA,4
"624",24,"P2","c1",NA,4
"625",24,"P2","c1",NA,4
"626",24,"P2","c1",NA,4
"627",24,"P2","c1",NA,4
"628",24,"P2","c1",NA,4
"629",24,"P2","c1",NA,4
"630",24,"P2","c1",NA,4
"631",24,"P2","c1",NA,4
"632",24,"P2","c1",NA,4
"633",24,"P2","c1",NA,4
"634",24,"P2","c1",NA,4
"635",24,"P2","c1",NA,4
"636",24,"P2","c1",NA,4
"637",24,"P2","c1",NA,4
"638",24,"P2","c1",NA,4
"639",24,"P2","c1",NA,4
"640",1,"P1","c2",4,8
"641",1,"P1","c2",4,8
"642",1,"P1","c2",4,8
"643",1,"P1","c2",4,8
"644",1,"P1","c2",4,8
"645",1,"P1","c2",4,8
"646",1,"P1","c2",4,8
"647",1,"P1","c2",4,8
"648",1,"P1","c2",4,8
"649",1,"P1","c2",4,8
"650",1,"P1","c2",4,8
"651",1,"P1","c2",4,8
"652",1,"P1","c2",4,8
"653",1,"P1","c2",4,8
"654",1,"P1","c2",4,8
"655",1,"P1","c2",4,8
"656",1,"P1","c2",4,8
"657",1,"P1","c2",4,8
"658",1,"P1","c2",4,8
"659",1,"P1","c2",4,8
"660",1,"P1","c2",4,8
"661",1,"P1","c2",4,8
"662",1,"P1","c2",4,8
"663",1,"P1","c2",4,8
"664",1,"P1","c2",4,8
"665",1,"P1","c2",4,8
"666",1,"P1","c2",4,8
"667",1,"P1","c2",4,8
"668",1,"P1","c2",4,8
"669",1,"P1","c2",4,8
"670",1,"P1","c2",4,8
"671",1,"P1","c2",4,8
"672",1,"P1","c2",4,8
"673",1,"P1","c2",4,8
"674",1,"P1","c2",4,8
"675",1,"P1","c2",4,8
"676",1,"P1","c2",4,8
"677",1,"P1","c2",4,8
"678",1,"P1","c2",4,8
"679",1,"P1","c2",4,8
"680",1,"P1","c2",4,8
"681",1,"P1","c2",4,8
"682",2,"P1","c2",4,8
"683",2,"P1","c2",4,8
"684",2,"P1","c2",4,8
"685",2,"P1","c2",4,8
"686",2,"P1","c2",4,8
"687",2,"P1","c2",4,8
"688",2,"P1","c2",4,8
"689",2,"P1","c2",4,8
"690",2,"P1","c2",4,8
"691",2,"P1","c2",4,8
"692",2,"P1","c2",4,8
"693",2,"P1","c2",4,8
"694",2,"P1","c2",4,8
"695",2,"P1","c2",4,8
"696",2,"P1","c2",4,8
"697",2,"P1","c2",4,8
"698",2,"P1","c2",4,8
"699",2,"P1","c2",4,8
"700",2,"P1","c2",4,8
"701",2,"P1","c2",4,8
"702",2,"P1","c2",4,8
"703",2,"P1","c2",4,8
"704",2,"P1","c2",4,8
"705",2,"P1","c2",4,8
"706",2,"P1","c2",4,8
"707",2,"P1","c2",4,8
"708",2,"P1","c2",4,8
"709",2,"P1","c2",4,8
"710",2,"P1","c2",4,8
"711",2,"P1","c2",4,8
"712",2,"P1","c2",4,8
"713",2,"P1","c2",4,8
"714",2,"P1","c2",4,8
"715",2,"P1","c2",4,8
"716",2,"P1","c2",4,8
"717",2,"P1","c2",4,8
"718",2,"P1","c2",4,8
"719",2,"P1","c2",4,8
"720",2,"P1","c2",4,8
"721",2,"P1","c2",4,8
"722",2,"P1","c2",4,8
"723",2,"P1","c2",4,8
"724",2,"P1","c2",4,8
"725",2,"P1","c2",4,8
"726",2,"P1","c2",4,8
"727",3,"P1","c2",4,8
"728",3,"P1","c2",4,8
"729",3,"P1","c2",4,8
"730",3,"P1","c2",4,8
"731",3,"P1","c2",4,8
"732",3,"P1","c2",4,8
"733",3,"P1","c2",4,8
"734",3,"P1","c2",4,8
"735",3,"P1","c2",4,8
"736",3,"P1","c2",4,8
"737",3,"P1","c2",4,8
"738",3,"P1","c2",4,8
"739",3,"P1","c2",4,8
"740",3,"P1","c2",4,8
"741",3,"P1","c2",4,8
"742",3,"P1","c2",4,8
"743",3,"P1","c2",4,8
"744",3,"P1","c2",4,8
"745",3,"P1","c2",4,8
"746",3,"P1","c2",4,8
"747",3,"P1","c2",4,8
"748",3,"P1","c2",4,8
"749",3,"P1","c2",4,8
"750",3,"P1","c2",4,8
"751",3,"P1","c2",4,8
"752",3,"P1","c2",4,8
"753",3,"P1","c2",4,8
"754",3,"P1","c2",4,8
"755",3,"P1","c2",4,8
"756",3,"P1","c2",4,8
"757",3,"P1","c2",4,8
"758",3,"P1","c2",4,8
"759",3,"P1","c2",4,8
"760",3,"P1","c2",4,8
"761",3,"P1","c2",4,8
"762",3,"P1","c2",4,8
"763",3,"P1","c2",4,8
"764",3,"P1","c2",4,8
"765",3,"P1","c2",4,8
"766",3,"P1","c2",4,8
"767",4,"P1","c2",4,8
"768",4,"P1","c2",4,8
"769",4,"P1","c2",4,8
"770",4,"P1","c2",4,8
"771",4,"P1","c2",4,8
"772",4,"P1","c2",4,8
"773",4,"P1","c2",4,8
"774",4,"P1","c2",4,8
"775",4,"P1","c2",4,8
"776",4,"P1","c2",4,8
"777",4,"P1","c2",4,8
"778",4,"P1","c2",4,8
"779",4,"P1","c2",4,8
"780",4,"P1","c2",4,8
"781",4,"P1","c2",4,8
"782",4,"P1","c2",4,8
"783",4,"P1","c2",4,8
"784",4,"P1","c2",4,8
"785",4,"P1","c2",4,8
"786",4,"P1","c2",4,8
"787",4,"P1","c2",4,8
"788",4,"P1","c2",4,8
"789",4,"P1","c2",4,8
"790",4,"P1","c2",4,8
"791",4,"P1","c2",4,8
"792",4,"P1","c2",4,8
"793",4,"P1","c2",4,8
"794",4,"P1","c2",4,8
"795",4,"P1","c2",4,8
"796",4,"P1","c2",4,8
"797",4,"P1","c2",4,8
"798",4,"P1","c2",4,8
"799",4,"P1","c2",4,8
"800",4,"P1","c2",4,8
"801",4,"P1","c2",4,8
"802",4,"P1","c2",4,8
"803",4,"P1","c2",4,8
"804",4,"P1","c2",4,8
"805",4,"P1","c2",4,8
"806",4,"P1","c2",4,8
"807",4,"P1","c2",4,8
"808",4,"P1","c2",4,8
"809",5,"P1","c2",4,8
"810",5,"P1","c2",4,8
"811",5,"P1","c2",4,8
"812",5,"P1","c2",4,8
"813",5,"P1","c2",4,8
"814",5,"P1","c2",4,8
"815",5,"P1","c2",4,8
"816",5,"P1","c2",4,8
"817",5,"P1","c2",4,8
"818",5,"P1","c2",4,8
"819",5,"P1","c2",4,8
"820",5,"P1","c2",4,8
"821",5,"P1","c2",4,8
"822",5,"P1","c2",4,8
"823",5,"P1","c2",4,8
"824",5,"P1","c2",4,8
"825",6,"P1","c2",4,8
"826",6,"P1","c2",4,8
"827",6,"P1","c2",4,8
"828",6,"P1","c2",4,8
"829",6,"P1","c2",4,8
"830",6,"P1","c2",4,8
"831",6,"P1","c2",4,8
"832",7,"P1","c2",4,8
"833",7,"P1","c2",4,8
"834",7,"P1","c2",4,8
"835",7,"P1","c2",4,8
"836",7,"P1","c2",4,8
"837",7,"P1","c2",4,8
"838",7,"P1","c2",4,8
"839",7,"P1","c2",4,8
"840",7,"P1","c2",4,8
"841",7,"P1","c2",4,8
"842",7,"P1","c2",4,8
"843",7,"P1","c2",4,8
"844",7,"P1","c2",4,8
"845",7,"P1","c2",4,8
"846",7,"P1","c2",4,8
"847",7,"P1","c2",4,8
"848",8,"P1","c2",4,8
"849",8,"P1","c2",4,8
"850",8,"P1","c2",4,8
"851",8,"P1","c2",4,8
"852",8,"P1","c2",4,8
"853",8,"P1","c2",4,8
"854",8,"P1","c2",4,8
"855",8,"P1","c2",4,8
"856",8,"P1","c2",4,8
"857",8,"P1","c2",4,8
"858",8,"P1","c2",4,8
"859",8,"P1","c2",4,8
"860",8,"P1","c2",4,8
"861",9,"P1","c2",4,8
"862",9,"P1","c2",4,8
"863",9,"P1","c2",4,8
"864",9,"P1","c2",4,8
"865",9,"P1","c2",4,8
"866",9,"P1","c2",4,8
"867",9,"P1","c2",4,8
"868",9,"P1","c2",4,8
"869",9,"P1","c2",4,8
"870",9,"P1","c2",4,8
"871",9,"P1","c2",4,8
"872",9,"P1","c2",4,8
"873",9,"P1","c2",4,8
"874",9,"P1","c2",4,8
"875",9,"P1","c2",4,8
"876",9,"P1","c2",4,8
"877",9,"P1","c2",4,8
"878",9,"P1","c2",4,8
"879",9,"P1","c2",4,8
"880",9,"P1","c2",4,8
"881",9,"P1","c2",4,8
"882",9,"P1","c2",4,8
"883",9,"P1","c2",4,8
"884",9,"P1","c2",4,8
"885",9,"P1","c2",4,8
"886",9,"P1","c2",4,8
"887",9,"P1","c2",4,8
"888",9,"P1","c2",4,8
"889",10,"P1","c2",4,8
"890",10,"P1","c2",4,8
"891",10,"P1","c2",4,8
"892",10,"P1","c2",4,8
"893",10,"P1","c2",4,8
"894",10,"P1","c2",4,8
"895",10,"P1","c2",4,8
"896",10,"P1","c2",4,8
"897",10,"P1","c2",4,8
"898",10,"P1","c2",4,8
"899",10,"P1","c2",4,8
"900",10,"P1","c2",4,8
"901",10,"P1","c2",4,8
"902",10,"P1","c2",4,8
"903",10,"P1","c2",4,8
"904",10,"P1","c2",4,8
"905",10,"P1","c2",4,8
"906",10,"P1","c2",4,8
"907",10,"P1","c2",4,8
"908",10,"P1","c2",4,8
"909",10,"P1","c2",4,8
"910",10,"P1","c2",4,8
"911",10,"P1","c2",4,8
"912",10,"P1","c2",4,8
"913",10,"P1","c2",4,8
"914",10,"P1","c2",4,8
"915",10,"P1","c2",4,8
"916",11,"P1","c2",4,8
"917",11,"P1","c2",4,8
"918",11,"P1","c2",4,8
"919",11,"P1","c2",4,8
"920",11,"P1","c2",4,8
"921",11,"P1","c2",4,8
"922",11,"P1","c2",4,8
"923",11,"P1","c2",4,8
"924",11,"P1","c2",4,8
"925",11,"P1","c2",4,8
"926",11,"P1","c2",4,8
"927",11,"P1","c2",4,8
"928",11,"P1","c2",4,8
"929",11,"P1","c2",4,8
"930",11,"P1","c2",4,8
"931",11,"P1","c2",4,8
"932",11,"P1","c2",4,8
"933",11,"P1","c2",4,8
"934",11,"P1","c2",4,8
"935",11,"P1","c2",4,8
"936",11,"P1","c2",4,8
"937",11,"P1","c2",4,8
"938",11,"P1","c2",4,8
"939",11,"P1","c2",4,8
"940",11,"P1","c2",4,8
"941",12,"P1","c2",4,8
"942",12,"P1","c2",4,8
"943",12,"P1","c2",4,8
"944",12,"P1","c2",4,8
"945",12,"P1","c2",4,8
"946",12,"P1","c2",4,8
"947",12,"P1","c2",4,8
"948",12,"P1","c2",4,8
"949",12,"P1","c2",4,8
"950",12,"P1","c2",4,8
"951",12,"P1","c2",4,8
"952",12,"P1","c2",4,8
"953",12,"P1","c2",4,8
"954",12,"P1","c2",4,8
"955",12,"P1","c2",4,8
"956",12,"P1","c2",4,8
"957",12,"P1","c2",4,8
"958",12,"P1","c2",4,8
"959",12,"P1","c2",4,8
"960",13,"P2","c2",4,8
"961",13,"P2","c2",4,8
"962",13,"P2","c2",4,8
"963",13,"P2","c2",4,8
"964",13,"P2","c2",4,8
"965",13,"P2","c2",4,8
"966",13,"P2","c2",4,8
"967",13,"P2","c2",4,8
"968",13,"P2","c2",4,8
"969",13,"P2","c2",4,8
"970",13,"P2","c2",4,8
"971",13,"P2","c2",4,8
"972",13,"P2","c2",4,8
"973",13,"P2","c2",4,8
"974",13,"P2","c2",4,8
"975",13,"P2","c2",4,8
"976",13,"P2","c2",4,8
"977",13,"P2","c2",4,8
"978",13,"P2","c2",4,8
"979",13,"P2","c2",4,8
"980",13,"P2","c2",4,8
"981",13,"P2","c2",4,8
"982",13,"P2","c2",4,8
"983",13,"P2","c2",4,8
"984",13,"P2","c2",4,8
"985",13,"P2","c2",4,8
"986",13,"P2","c2",4,8
"987",13,"P2","c2",4,8
"988",13,"P2","c2",4,8
"989",13,"P2","c2",4,8
"990",13,"P2","c2",4,8
"991",13,"P2","c2",4,8
"992",13,"P2","c2",4,8
"993",14,"P2","c2",4,8
"994",14,"P2","c2",4,8
"995",14,"P2","c2",4,8
"996",14,"P2","c2",4,8
"997",14,"P2","c2",4,8
"998",14,"P2","c2",4,8
"999",14,"P2","c2",4,8
"1000",14,"P2","c2",4,8
"1001",14,"P2","c2",4,8
"1002",14,"P2","c2",4,8
"1003",14,"P2","c2",4,8
"1004",14,"P2","c2",4,8
"1005",14,"P2","c2",4,8
"1006",14,"P2","c2",4,8
"1007",14,"P2","c2",4,8
"1008",14,"P2","c2",4,8
"1009",14,"P2","c2",4,8
"1010",14,"P2","c2",4,8
"1011",14,"P2","c2",4,8
"1012",14,"P2","c2",4,8
"1013",14,"P2","c2",4,8
"1014",14,"P2","c2",4,8
"1015",14,"P2","c2",4,8
"1016",14,"P2","c2",4,8
"1017",14,"P2","c2",4,8
"1018",14,"P2","c2",4,8
"1019",14,"P2","c2",4,8
"1020",14,"P2","c2",4,8
"1021",14,"P2","c2",4,8
"1022",14,"P2","c2",4,8
"1023",14,"P2","c2",4,8
"1024",14,"P2","c2",4,8
"1025",14,"P2","c2",4,8
"1026",14,"P2","c2",4,8
"1027",14,"P2","c2",4,8
"1028",14,"P2","c2",4,8
"1029",14,"P2","c2",4,8
"1030",14,"P2","c2",4,8
"1031",14,"P2","c2",4,8
"1032",14,"P2","c2",4,8
"1033",15,"P2","c2",4,8
"1034",15,"P2","c2",4,8
"1035",15,"P2","c2",4,8
"1036",15,"P2","c2",4,8
"1037",15,"P2","c2",4,8
"1038",15,"P2","c2",4,8
"1039",15,"P2","c2",4,8
"1040",15,"P2","c2",4,8
"1041",15,"P2","c2",4,8
"1042",15,"P2","c2",4,8
"1043",15,"P2","c2",4,8
"1044",15,"P2","c2",4,8
"1045",15,"P2","c2",4,8
"1046",15,"P2","c2",4,8
"1047",15,"P2","c2",4,8
"1048",15,"P2","c2",4,8
"1049",15,"P2","c2",4,8
"1050",15,"P2","c2",4,8
"1051",15,"P2","c2",4,8
"1052",15,"P2","c2",4,8
"1053",15,"P2","c2",4,8
"1054",15,"P2","c2",4,8
"1055",15,"P2","c2",4,8
"1056",15,"P2","c2",4,8
"1057",15,"P2","c2",4,8
"1058",15,"P2","c2",4,8
"1059",15,"P2","c2",4,8
"1060",15,"P2","c2",4,8
"1061",15,"P2","c2",4,8
"1062",15,"P2","c2",4,8
"1063",15,"P2","c2",4,8
"1064",15,"P2","c2",4,8
"1065",15,"P2","c2",4,8
"1066",15,"P2","c2",4,8
"1067",15,"P2","c2",4,8
"1068",15,"P2","c2",4,8
"1069",15,"P2","c2",4,8
"1070",16,"P2","c2",4,8
"1071",16,"P2","c2",4,8
"1072",16,"P2","c2",4,8
"1073",16,"P2","c2",4,8
"1074",16,"P2","c2",4,8
"1075",16,"P2","c2",4,8
"1076",16,"P2","c2",4,8
"1077",16,"P2","c2",4,8
"1078",16,"P2","c2",4,8
"1079",16,"P2","c2",4,8
"1080",16,"P2","c2",4,8
"1081",16,"P2","c2",4,8
"1082",16,"P2","c2",4,8
"1083",16,"P2","c2",4,8
"1084",16,"P2","c2",4,8
"1085",16,"P2","c2",4,8
"1086",16,"P2","c2",4,8
"1087",16,"P2","c2",4,8
"1088",16,"P2","c2",4,8
"1089",16,"P2","c2",4,8
"1090",16,"P2","c2",4,8
"1091",16,"P2","c2",4,8
"1092",16,"P2","c2",4,8
"1093",16,"P2","c2",4,8
"1094",16,"P2","c2",4,8
"1095",16,"P2","c2",4,8
"1096",16,"P2","c2",4,8
"1097",16,"P2","c2",4,8
"1098",16,"P2","c2",4,8
"1099",16,"P2","c2",4,8
"1100",16,"P2","c2",4,8
"1101",16,"P2","c2",4,8
"1102",16,"P2","c2",4,8
"1103",16,"P2","c2",4,8
"1104",16,"P2","c2",4,8
"1105",16,"P2","c2",4,8
"1106",17,"P2","c2",4,8
"1107",17,"P2","c2",4,8
"1108",17,"P2","c2",4,8
"1109",17,"P2","c2",4,8
"1110",17,"P2","c2",4,8
"1111",17,"P2","c2",4,8
"1112",17,"P2","c2",4,8
"1113",17,"P2","c2",4,8
"1114",17,"P2","c2",4,8
"1115",17,"P2","c2",4,8
"1116",17,"P2","c2",4,8
"1117",17,"P2","c2",4,8
"1118",17,"P2","c2",4,8
"1119",17,"P2","c2",4,8
"1120",17,"P2","c2",4,8
"1121",17,"P2","c2",4,8
"1122",17,"P2","c2",4,8
"1123",17,"P2","c2",4,8
"1124",17,"P2","c2",4,8
"1125",17,"P2","c2",4,8
"1126",17,"P2","c2",4,8
"1127",17,"P2","c2",4,8
"1128",17,"P2","c2",4,8
"1129",17,"P2","c2",4,8
"1130",17,"P2","c2",4,8
"1131",17,"P2","c2",4,8
"1132",17,"P2","c2",4,8
"1133",17,"P2","c2",4,8
"1134",17,"P2","c2",4,8
"1135",17,"P2","c2",4,8
"1136",17,"P2","c2",4,8
"1137",17,"P2","c2",4,8
"1138",17,"P2","c2",4,8
"1139",17,"P2","c2",4,8
"1140",17,"P2","c2",4,8
"1141",17,"P2","c2",4,8
"1142",17,"P2","c2",4,8
"1143",17,"P2","c2",4,8
"1144",17,"P2","c2",4,8
"1145",17,"P2","c2",4,8
"1146",17,"P2","c2",4,8
"1147",17,"P2","c2",4,8
"1148",17,"P2","c2",4,8
"1149",17,"P2","c2",4,8
"1150",17,"P2","c2",4,8
"1151",17,"P2","c2",4,8
"1152",17,"P2","c2",4,8
"1153",18,"P2","c2",4,8
"1154",18,"P2","c2",4,8
"1155",18,"P2","c2",4,8
"1156",18,"P2","c2",4,8
"1157",18,"P2","c2",4,8
"1158",18,"P2","c2",4,8
"1159",18,"P2","c2",4,8
"1160",18,"P2","c2",4,8
"1161",18,"P2","c2",4,8
"1162",18,"P2","c2",4,8
"1163",18,"P2","c2",4,8
"1164",18,"P2","c2",4,8
"1165",18,"P2","c2",4,8
"1166",18,"P2","c2",4,8
"1167",18,"P2","c2",4,8
"1168",18,"P2","c2",4,8
"1169",18,"P2","c2",4,8
"1170",18,"P2","c2",4,8
"1171",19,"P2","c2",4,8
"1172",19,"P2","c2",4,8
"1173",19,"P2","c2",4,8
"1174",19,"P2","c2",4,8
"1175",19,"P2","c2",4,8
"1176",19,"P2","c2",4,8
"1177",19,"P2","c2",4,8
"1178",19,"P2","c2",4,8
"1179",19,"P2","c2",4,8
"1180",19,"P2","c2",4,8
"1181",19,"P2","c2",4,8
"1182",19,"P2","c2",4,8
"1183",19,"P2","c2",4,8
"1184",19,"P2","c2",4,8
"1185",19,"P2","c2",4,8
"1186",19,"P2","c2",4,8
"1187",19,"P2","c2",4,8
"1188",19,"P2","c2",4,8
"1189",19,"P2","c2",4,8
"1190",19,"P2","c2",4,8
"1191",20,"P2","c2",4,8
"1192",20,"P2","c2",4,8
"1193",20,"P2","c2",4,8
"1194",20,"P2","c2",4,8
"1195",20,"P2","c2",4,8
"1196",20,"P2","c2",4,8
"1197",20,"P2","c2",4,8
"1198",20,"P2","c2",4,8
"1199",20,"P2","c2",4,8
"1200",20,"P2","c2",4,8
"1201",20,"P2","c2",4,8
"1202",20,"P2","c2",4,8
"1203",20,"P2","c2",4,8
"1204",21,"P2","c2",4,8
"1205",21,"P2","c2",4,8
"1206",21,"P2","c2",4,8
"1207",21,"P2","c2",4,8
"1208",21,"P2","c2",4,8
"1209",21,"P2","c2",4,8
"1210",21,"P2","c2",4,8
"1211",21,"P2","c2",4,8
"1212",21,"P2","c2",4,8
"1213",21,"P2","c2",4,8
"1214",21,"P2","c2",4,8
"1215",21,"P2","c2",4,8
"1216",22,"P2","c2",4,8
"1217",22,"P2","c2",4,8
"1218",22,"P2","c2",4,8
"1219",22,"P2","c2",4,8
"1220",22,"P2","c2",4,8
"1221",22,"P2","c2",4,8
"1222",22,"P2","c2",4,8
"1223",22,"P2","c2",4,8
"1224",22,"P2","c2",4,8
"1225",22,"P2","c2",4,8
"1226",22,"P2","c2",4,8
"1227",22,"P2","c2",4,8
"1228",22,"P2","c2",4,8
"1229",23,"P2","c2",4,8
"1230",23,"P2","c2",4,8
"1231",23,"P2","c2",4,8
"1232",23,"P2","c2",4,8
"1233",23,"P2","c2",4,8
"1234",23,"P2","c2",4,8
"1235",23,"P2","c2",4,8
"1236",23,"P2","c2",4,8
"1237",23,"P2","c2",4,8
"1238",23,"P2","c2",4,8
"1239",23,"P2","c2",4,8
"1240",23,"P2","c2",4,8
"1241",23,"P2","c2",4,8
"1242",24,"P2","c2",4,8
"1243",24,"P2","c2",4,8
"1244",24,"P2","c2",4,8
"1245",24,"P2","c2",4,8
"1246",24,"P2","c2",4,8
"1247",24,"P2","c2",4,8
"1248",24,"P2","c2",4,8
"1249",24,"P2","c2",4,8
"1250",24,"P2","c2",4,8
"1251",24,"P2","c2",4,8
"1252",24,"P2","c2",4,8
"1253",24,"P2","c2",4,8
"1254",1,"P1","c3",8,12
"1255",1,"P1","c3",8,12
"1256",1,"P1","c3",8,12
"1257",1,"P1","c3",8,12
"1258",1,"P1","c3",8,12
"1259",1,"P1","c3",8,12
"1260",1,"P1","c3",8,12
"1261",1,"P1","c3",8,12
"1262",1,"P1","c3",8,12
"1263",1,"P1","c3",8,12
"1264",1,"P1","c3",8,12
"1265",1,"P1","c3",8,12
"1266",1,"P1","c3",8,12
"1267",1,"P1","c3",8,12
"1268",1,"P1","c3",8,12
"1269",1,"P1","c3",8,12
"1270",1,"P1","c3",8,12
"1271",1,"P1","c3",8,12
"1272",1,"P1","c3",8,12
"1273",1,"P1","c3",8,12
"1274",1,"P1","c3",8,12
"1275",1,"P1","c3",8,12
"1276",1,"P1","c3",8,12
"1277",1,"P1","c3",8,12
"1278",1,"P1","c3",8,12
"1279",1,"P1","c3",8,12
"1280",1,"P1","c3",8,12
"1281",1,"P1","c3",8,12
"1282",1,"P1","c3",8,12
"1283",1,"P1","c3",8,12
"1284",1,"P1","c3",8,12
"1285",1,"P1","c3",8,12
"1286",1,"P1","c3",8,12
"1287",1,"P1","c3",8,12
"1288",1,"P1","c3",8,12
"1289",1,"P1","c3",8,12
"1290",1,"P1","c3",8,12
"1291",1,"P1","c3",8,12
"1292",1,"P1","c3",8,12
"1293",1,"P1","c3",8,12
"1294",2,"P1","c3",8,12
"1295",2,"P1","c3",8,12
"1296",2,"P1","c3",8,12
"1297",2,"P1","c3",8,12
"1298",2,"P1","c3",8,12
"1299",2,"P1","c3",8,12
"1300",2,"P1","c3",8,12
"1301",2,"P1","c3",8,12
"1302",2,"P1","c3",8,12
"1303",2,"P1","c3",8,12
"1304",2,"P1","c3",8,12
"1305",2,"P1","c3",8,12
"1306",2,"P1","c3",8,12
"1307",2,"P1","c3",8,12
"1308",2,"P1","c3",8,12
"1309",2,"P1","c3",8,12
"1310",2,"P1","c3",8,12
"1311",2,"P1","c3",8,12
"1312",2,"P1","c3",8,12
"1313",2,"P1","c3",8,12
"1314",2,"P1","c3",8,12
"1315",2,"P1","c3",8,12
"1316",3,"P1","c3",8,12
"1317",3,"P1","c3",8,12
"1318",3,"P1","c3",8,12
"1319",3,"P1","c3",8,12
"1320",3,"P1","c3",8,12
"1321",3,"P1","c3",8,12
"1322",3,"P1","c3",8,12
"1323",3,"P1","c3",8,12
"1324",3,"P1","c3",8,12
"1325",3,"P1","c3",8,12
"1326",3,"P1","c3",8,12
"1327",3,"P1","c3",8,12
"1328",3,"P1","c3",8,12
"1329",3,"P1","c3",8,12
"1330",3,"P1","c3",8,12
"1331",3,"P1","c3",8,12
"1332",3,"P1","c3",8,12
"1333",3,"P1","c3",8,12
"1334",3,"P1","c3",8,12
"1335",3,"P1","c3",8,12
"1336",3,"P1","c3",8,12
"1337",3,"P1","c3",8,12
"1338",3,"P1","c3",8,12
"1339",3,"P1","c3",8,12
"1340",3,"P1","c3",8,12
"1341",3,"P1","c3",8,12
"1342",3,"P1","c3",8,12
"1343",3,"P1","c3",8,12
"1344",3,"P1","c3",8,12
"1345",3,"P1","c3",8,12
"1346",3,"P1","c3",8,12
"1347",3,"P1","c3",8,12
"1348",3,"P1","c3",8,12
"1349",4,"P1","c3",8,12
"1350",4,"P1","c3",8,12
"1351",4,"P1","c3",8,12
"1352",4,"P1","c3",8,12
"1353",4,"P1","c3",8,12
"1354",4,"P1","c3",8,12
"1355",4,"P1","c3",8,12
"1356",4,"P1","c3",8,12
"1357",4,"P1","c3",8,12
"1358",4,"P1","c3",8,12
"1359",4,"P1","c3",8,12
"1360",4,"P1","c3",8,12
"1361",4,"P1","c3",8,12
"1362",4,"P1","c3",8,12
"1363",4,"P1","c3",8,12
"1364",4,"P1","c3",8,12
"1365",4,"P1","c3",8,12
"1366",4,"P1","c3",8,12
"1367",4,"P1","c3",8,12
"1368",4,"P1","c3",8,12
"1369",4,"P1","c3",8,12
"1370",4,"P1","c3",8,12
"1371",4,"P1","c3",8,12
"1372",4,"P1","c3",8,12
"1373",4,"P1","c3",8,12
"1374",4,"P1","c3",8,12
"1375",4,"P1","c3",8,12
"1376",4,"P1","c3",8,12
"1377",4,"P1","c3",8,12
"1378",4,"P1","c3",8,12
"1379",5,"P1","c3",8,12
"1380",5,"P1","c3",8,12
"1381",5,"P1","c3",8,12
"1382",5,"P1","c3",8,12
"1383",5,"P1","c3",8,12
"1384",5,"P1","c3",8,12
"1385",5,"P1","c3",8,12
"1386",5,"P1","c3",8,12
"1387",5,"P1","c3",8,12
"1388",5,"P1","c3",8,12
"1389",5,"P1","c3",8,12
"1390",5,"P1","c3",8,12
"1391",5,"P1","c3",8,12
"1392",5,"P1","c3",8,12
"1393",5,"P1","c3",8,12
"1394",6,"P1","c3",8,12
"1395",6,"P1","c3",8,12
"1396",6,"P1","c3",8,12
"1397",6,"P1","c3",8,12
"1398",6,"P1","c3",8,12
"1399",6,"P1","c3",8,12
"1400",6,"P1","c3",8,12
"1401",6,"P1","c3",8,12
"1402",6,"P1","c3",8,12
"1403",6,"P1","c3",8,12
"1404",6,"P1","c3",8,12
"1405",7,"P1","c3",8,12
"1406",7,"P1","c3",8,12
"1407",7,"P1","c3",8,12
"1408",7,"P1","c3",8,12
"1409",7,"P1","c3",8,12
"1410",7,"P1","c3",8,12
"1411",7,"P1","c3",8,12
"1412",7,"P1","c3",8,12
"1413",8,"P1","c3",8,12
"1414",8,"P1","c3",8,12
"1415",8,"P1","c3",8,12
"1416",8,"P1","c3",8,12
"1417",8,"P1","c3",8,12
"1418",8,"P1","c3",8,12
"1419",8,"P1","c3",8,12
"1420",8,"P1","c3",8,12
"1421",8,"P1","c3",8,12
"1422",8,"P1","c3",8,12
"1423",9,"P1","c3",8,12
"1424",9,"P1","c3",8,12
"1425",9,"P1","c3",8,12
"1426",9,"P1","c3",8,12
"1427",9,"P1","c3",8,12
"1428",9,"P1","c3",8,12
"1429",9,"P1","c3",8,12
"1430",9,"P1","c3",8,12
"1431",9,"P1","c3",8,12
"1432",9,"P1","c3",8,12
"1433",9,"P1","c3",8,12
"1434",9,"P1","c3",8,12
"1435",9,"P1","c3",8,12
"1436",9,"P1","c3",8,12
"1437",9,"P1","c3",8,12
"1438",9,"P1","c3",8,12
"1439",9,"P1","c3",8,12
"1440",9,"P1","c3",8,12
"1441",9,"P1","c3",8,12
"1442",9,"P1","c3",8,12
"1443",9,"P1","c3",8,12
"1444",9,"P1","c3",8,12
"1445",9,"P1","c3",8,12
"1446",9,"P1","c3",8,12
"1447",9,"P1","c3",8,12
"1448",9,"P1","c3",8,12
"1449",10,"P1","c3",8,12
"1450",10,"P1","c3",8,12
"1451",10,"P1","c3",8,12
"1452",10,"P1","c3",8,12
"1453",10,"P1","c3",8,12
"1454",10,"P1","c3",8,12
"1455",10,"P1","c3",8,12
"1456",10,"P1","c3",8,12
"1457",10,"P1","c3",8,12
"1458",10,"P1","c3",8,12
"1459",10,"P1","c3",8,12
"1460",10,"P1","c3",8,12
"1461",10,"P1","c3",8,12
"1462",10,"P1","c3",8,12
"1463",10,"P1","c3",8,12
"1464",10,"P1","c3",8,12
"1465",10,"P1","c3",8,12
"1466",10,"P1","c3",8,12
"1467",10,"P1","c3",8,12
"1468",10,"P1","c3",8,12
"1469",10,"P1","c3",8,12
"1470",10,"P1","c3",8,12
"1471",10,"P1","c3",8,12
"1472",10,"P1","c3",8,12
"1473",10,"P1","c3",8,12
"1474",10,"P1","c3",8,12
"1475",10,"P1","c3",8,12
"1476",11,"P1","c3",8,12
"1477",11,"P1","c3",8,12
"1478",11,"P1","c3",8,12
"1479",11,"P1","c3",8,12
"1480",11,"P1","c3",8,12
"1481",11,"P1","c3",8,12
"1482",11,"P1","c3",8,12
"1483",11,"P1","c3",8,12
"1484",11,"P1","c3",8,12
"1485",11,"P1","c3",8,12
"1486",11,"P1","c3",8,12
"1487",11,"P1","c3",8,12
"1488",11,"P1","c3",8,12
"1489",11,"P1","c3",8,12
"1490",11,"P1","c3",8,12
"1491",11,"P1","c3",8,12
"1492",11,"P1","c3",8,12
"1493",11,"P1","c3",8,12
"1494",11,"P1","c3",8,12
"1495",11,"P1","c3",8,12
"1496",11,"P1","c3",8,12
"1497",12,"P1","c3",8,12
"1498",12,"P1","c3",8,12
"1499",12,"P1","c3",8,12
"1500",12,"P1","c3",8,12
"1501",12,"P1","c3",8,12
"1502",12,"P1","c3",8,12
"1503",12,"P1","c3",8,12
"1504",12,"P1","c3",8,12
"1505",12,"P1","c3",8,12
"1506",12,"P1","c3",8,12
"1507",12,"P1","c3",8,12
"1508",12,"P1","c3",8,12
"1509",12,"P1","c3",8,12
"1510",12,"P1","c3",8,12
"1511",12,"P1","c3",8,12
"1512",12,"P1","c3",8,12
"1513",12,"P1","c3",8,12
"1514",12,"P1","c3",8,12
"1515",12,"P1","c3",8,12
"1516",12,"P1","c3",8,12
"1517",12,"P1","c3",8,12
"1518",12,"P1","c3",8,12
"1519",13,"P2","c3",8,12
"1520",13,"P2","c3",8,12
"1521",13,"P2","c3",8,12
"1522",13,"P2","c3",8,12
"1523",13,"P2","c3",8,12
"1524",13,"P2","c3",8,12
"1525",13,"P2","c3",8,12
"1526",13,"P2","c3",8,12
"1527",13,"P2","c3",8,12
"1528",13,"P2","c3",8,12
"1529",13,"P2","c3",8,12
"1530",13,"P2","c3",8,12
"1531",13,"P2","c3",8,12
"1532",13,"P2","c3",8,12
"1533",13,"P2","c3",8,12
"1534",13,"P2","c3",8,12
"1535",13,"P2","c3",8,12
"1536",13,"P2","c3",8,12
"1537",13,"P2","c3",8,12
"1538",13,"P2","c3",8,12
"1539",13,"P2","c3",8,12
"1540",13,"P2","c3",8,12
"1541",13,"P2","c3",8,12
"1542",13,"P2","c3",8,12
"1543",13,"P2","c3",8,12
"1544",13,"P2","c3",8,12
"1545",13,"P2","c3",8,12
"1546",13,"P2","c3",8,12
"1547",13,"P2","c3",8,12
"1548",13,"P2","c3",8,12
"1549",14,"P2","c3",8,12
"1550",14,"P2","c3",8,12
"1551",14,"P2","c3",8,12
"1552",14,"P2","c3",8,12
"1553",14,"P2","c3",8,12
"1554",14,"P2","c3",8,12
"1555",14,"P2","c3",8,12
"1556",14,"P2","c3",8,12
"1557",14,"P2","c3",8,12
"1558",14,"P2","c3",8,12
"1559",14,"P2","c3",8,12
"1560",14,"P2","c3",8,12
"1561",14,"P2","c3",8,12
"1562",14,"P2","c3",8,12
"1563",14,"P2","c3",8,12
"1564",14,"P2","c3",8,12
"1565",14,"P2","c3",8,12
"1566",14,"P2","c3",8,12
"1567",14,"P2","c3",8,12
"1568",14,"P2","c3",8,12
"1569",14,"P2","c3",8,12
"1570",14,"P2","c3",8,12
"1571",14,"P2","c3",8,12
"1572",14,"P2","c3",8,12
"1573",15,"P2","c3",8,12
"1574",15,"P2","c3",8,12
"1575",15,"P2","c3",8,12
"1576",15,"P2","c3",8,12
"1577",15,"P2","c3",8,12
"1578",15,"P2","c3",8,12
"1579",15,"P2","c3",8,12
"1580",15,"P2","c3",8,12
"1581",15,"P2","c3",8,12
"1582",15,"P2","c3",8,12
"1583",15,"P2","c3",8,12
"1584",15,"P2","c3",8,12
"1585",15,"P2","c3",8,12
"1586",15,"P2","c3",8,12
"1587",15,"P2","c3",8,12
"1588",15,"P2","c3",8,12
"1589",15,"P2","c3",8,12
"1590",15,"P2","c3",8,12
"1591",15,"P2","c3",8,12
"1592",15,"P2","c3",8,12
"1593",15,"P2","c3",8,12
"1594",15,"P2","c3",8,12
"1595",15,"P2","c3",8,12
"1596",15,"P2","c3",8,12
"1597",15,"P2","c3",8,12
"1598",15,"P2","c3",8,12
"1599",15,"P2","c3",8,12
"1600",15,"P2","c3",8,12
"1601",15,"P2","c3",8,12
"1602",15,"P2","c3",8,12
"1603",15,"P2","c3",8,12
"1604",16,"P2","c3",8,12
"1605",16,"P2","c3",8,12
"1606",16,"P2","c3",8,12
"1607",16,"P2","c3",8,12
"1608",16,"P2","c3",8,12
"1609",16,"P2","c3",8,12
"1610",16,"P2","c3",8,12
"1611",16,"P2","c3",8,12
"1612",16,"P2","c3",8,12
"1613",16,"P2","c3",8,12
"1614",16,"P2","c3",8,12
"1615",16,"P2","c3",8,12
"1616",16,"P2","c3",8,12
"1617",16,"P2","c3",8,12
"1618",16,"P2","c3",8,12
"1619",16,"P2","c3",8,12
"1620",16,"P2","c3",8,12
"1621",16,"P2","c3",8,12
"1622",16,"P2","c3",8,12
"1623",16,"P2","c3",8,12
"1624",16,"P2","c3",8,12
"1625",16,"P2","c3",8,12
"1626",16,"P2","c3",8,12
"1627",16,"P2","c3",8,12
"1628",16,"P2","c3",8,12
"1629",16,"P2","c3",8,12
"1630",16,"P2","c3",8,12
"1631",16,"P2","c3",8,12
"1632",16,"P2","c3",8,12
"1633",16,"P2","c3",8,12
"1634",17,"P2","c3",8,12
"1635",17,"P2","c3",8,12
"1636",17,"P2","c3",8,12
"1637",17,"P2","c3",8,12
"1638",17,"P2","c3",8,12
"1639",17,"P2","c3",8,12
"1640",17,"P2","c3",8,12
"1641",17,"P2","c3",8,12
"1642",17,"P2","c3",8,12
"1643",17,"P2","c3",8,12
"1644",17,"P2","c3",8,12
"1645",17,"P2","c3",8,12
"1646",17,"P2","c3",8,12
"1647",17,"P2","c3",8,12
"1648",17,"P2","c3",8,12
"1649",17,"P2","c3",8,12
"1650",17,"P2","c3",8,12
"1651",17,"P2","c3",8,12
"1652",17,"P2","c3",8,12
"1653",17,"P2","c3",8,12
"1654",17,"P2","c3",8,12
"1655",17,"P2","c3",8,12
"1656",17,"P2","c3",8,12
"1657",17,"P2","c3",8,12
"1658",17,"P2","c3",8,12
"1659",17,"P2","c3",8,12
"1660",17,"P2","c3",8,12
"1661",17,"P2","c3",8,12
"1662",18,"P2","c3",8,12
"1663",18,"P2","c3",8,12
"1664",18,"P2","c3",8,12
"1665",18,"P2","c3",8,12
"1666",18,"P2","c3",8,12
"1667",18,"P2","c3",8,12
"1668",18,"P2","c3",8,12
"1669",18,"P2","c3",8,12
"1670",18,"P2","c3",8,12
"1671",18,"P2","c3",8,12
"1672",18,"P2","c3",8,12
"1673",18,"P2","c3",8,12
"1674",18,"P2","c3",8,12
"1675",18,"P2","c3",8,12
"1676",18,"P2","c3",8,12
"1677",18,"P2","c3",8,12
"1678",18,"P2","c3",8,12
"1679",18,"P2","c3",8,12
"1680",18,"P2","c3",8,12
"1681",18,"P2","c3",8,12
"1682",18,"P2","c3",8,12
"1683",18,"P2","c3",8,12
"1684",18,"P2","c3",8,12
"1685",18,"P2","c3",8,12
"1686",18,"P2","c3",8,12
"1687",19,"P2","c3",8,12
"1688",19,"P2","c3",8,12
"1689",19,"P2","c3",8,12
"1690",19,"P2","c3",8,12
"1691",19,"P2","c3",8,12
"1692",19,"P2","c3",8,12
"1693",19,"P2","c3",8,12
"1694",19,"P2","c3",8,12
"1695",19,"P2","c3",8,12
"1696",19,"P2","c3",8,12
"1697",19,"P2","c3",8,12
"1698",19,"P2","c3",8,12
"1699",19,"P2","c3",8,12
"1700",19,"P2","c3",8,12
"1701",19,"P2","c3",8,12
"1702",19,"P2","c3",8,12
"1703",19,"P2","c3",8,12
"1704",19,"P2","c3",8,12
"1705",19,"P2","c3",8,12
"1706",19,"P2","c3",8,12
"1707",19,"P2","c3",8,12
"1708",19,"P2","c3",8,12
"1709",19,"P2","c3",8,12
"1710",19,"P2","c3",8,12
"1711",19,"P2","c3",8,12
"1712",19,"P2","c3",8,12
"1713",19,"P2","c3",8,12
"1714",20,"P2","c3",8,12
"1715",20,"P2","c3",8,12
"1716",20,"P2","c3",8,12
"1717",20,"P2","c3",8,12
"1718",20,"P2","c3",8,12
"1719",20,"P2","c3",8,12
"1720",20,"P2","c3",8,12
"1721",20,"P2","c3",8,12
"1722",20,"P2","c3",8,12
"1723",20,"P2","c3",8,12
"1724",20,"P2","c3",8,12
"1725",20,"P2","c3",8,12
"1726",20,"P2","c3",8,12
"1727",20,"P2","c3",8,12
"1728",20,"P2","c3",8,12
"1729",20,"P2","c3",8,12
"1730",20,"P2","c3",8,12
"1731",20,"P2","c3",8,12
"1732",20,"P2","c3",8,12
"1733",20,"P2","c3",8,12
"1734",20,"P2","c3",8,12
"1735",21,"P2","c3",8,12
"1736",21,"P2","c3",8,12
"1737",21,"P2","c3",8,12
"1738",21,"P2","c3",8,12
"1739",21,"P2","c3",8,12
"1740",21,"P2","c3",8,12
"1741",21,"P2","c3",8,12
"1742",21,"P2","c3",8,12
"1743",21,"P2","c3",8,12
"1744",21,"P2","c3",8,12
"1745",21,"P2","c3",8,12
"1746",21,"P2","c3",8,12
"1747",21,"P2","c3",8,12
"1748",21,"P2","c3",8,12
"1749",21,"P2","c3",8,12
"1750",21,"P2","c3",8,12
"1751",22,"P2","c3",8,12
"1752",22,"P2","c3",8,12
"1753",22,"P2","c3",8,12
"1754",22,"P2","c3",8,12
"1755",22,"P2","c3",8,12
"1756",22,"P2","c3",8,12
"1757",22,"P2","c3",8,12
"1758",22,"P2","c3",8,12
"1759",22,"P2","c3",8,12
"1760",22,"P2","c3",8,12
"1761",22,"P2","c3",8,12
"1762",22,"P2","c3",8,12
"1763",22,"P2","c3",8,12
"1764",22,"P2","c3",8,12
"1765",22,"P2","c3",8,12
"1766",22,"P2","c3",8,12
"1767",22,"P2","c3",8,12
"1768",22,"P2","c3",8,12
"1769",22,"P2","c3",8,12
"1770",22,"P2","c3",8,12
"1771",22,"P2","c3",8,12
"1772",22,"P2","c3",8,12
"1773",22,"P2","c3",8,12
"1774",22,"P2","c3",8,12
"1775",23,"P2","c3",8,12
"1776",23,"P2","c3",8,12
"1777",23,"P2","c3",8,12
"1778",23,"P2","c3",8,12
"1779",23,"P2","c3",8,12
"1780",23,"P2","c3",8,12
"1781",23,"P2","c3",8,12
"1782",23,"P2","c3",8,12
"1783",23,"P2","c3",8,12
"1784",23,"P2","c3",8,12
"1785",23,"P2","c3",8,12
"1786",23,"P2","c3",8,12
"1787",23,"P2","c3",8,12
"1788",24,"P2","c3",8,12
"1789",24,"P2","c3",8,12
"1790",24,"P2","c3",8,12
"1791",24,"P2","c3",8,12
"1792",24,"P2","c3",8,12
"1793",24,"P2","c3",8,12
"1794",24,"P2","c3",8,12
"1795",24,"P2","c3",8,12
"1796",1,"P1","c4",12,16
"1797",1,"P1","c4",12,16
"1798",1,"P1","c4",12,16
"1799",1,"P1","c4",12,16
"1800",1,"P1","c4",12,16
"1801",1,"P1","c4",12,16
"1802",1,"P1","c4",12,16
"1803",1,"P1","c4",12,16
"1804",1,"P1","c4",12,16
"1805",1,"P1","c4",12,16
"1806",1,"P1","c4",12,16
"1807",1,"P1","c4",12,16
"1808",1,"P1","c4",12,16
"1809",1,"P1","c4",12,16
"1810",1,"P1","c4",12,16
"1811",1,"P1","c4",12,16
"1812",1,"P1","c4",12,16
"1813",1,"P1","c4",12,16
"1814",1,"P1","c4",12,16
"1815",1,"P1","c4",12,16
"1816",1,"P1","c4",12,16
"1817",1,"P1","c4",12,16
"1818",1,"P1","c4",12,16
"1819",1,"P1","c4",12,16
"1820",1,"P1","c4",12,16
"1821",1,"P1","c4",12,16
"1822",1,"P1","c4",12,16
"1823",1,"P1","c4",12,16
"1824",1,"P1","c4",12,16
"1825",2,"P1","c4",12,16
"1826",2,"P1","c4",12,16
"1827",2,"P1","c4",12,16
"1828",2,"P1","c4",12,16
"1829",2,"P1","c4",12,16
"1830",2,"P1","c4",12,16
"1831",2,"P1","c4",12,16
"1832",2,"P1","c4",12,16
"1833",2,"P1","c4",12,16
"1834",2,"P1","c4",12,16
"1835",2,"P1","c4",12,16
"1836",2,"P1","c4",12,16
"1837",3,"P1","c4",12,16
"1838",3,"P1","c4",12,16
"1839",3,"P1","c4",12,16
"1840",3,"P1","c4",12,16
"1841",3,"P1","c4",12,16
"1842",3,"P1","c4",12,16
"1843",3,"P1","c4",12,16
"1844",3,"P1","c4",12,16
"1845",3,"P1","c4",12,16
"1846",3,"P1","c4",12,16
"1847",3,"P1","c4",12,16
"1848",3,"P1","c4",12,16
"1849",3,"P1","c4",12,16
"1850",3,"P1","c4",12,16
"1851",3,"P1","c4",12,16
"1852",3,"P1","c4",12,16
"1853",3,"P1","c4",12,16
"1854",3,"P1","c4",12,16
"1855",4,"P1","c4",12,16
"1856",4,"P1","c4",12,16
"1857",4,"P1","c4",12,16
"1858",4,"P1","c4",12,16
"1859",4,"P1","c4",12,16
"1860",4,"P1","c4",12,16
"1861",4,"P1","c4",12,16
"1862",4,"P1","c4",12,16
"1863",5,"P1","c4",12,16
"1864",5,"P1","c4",12,16
"1865",5,"P1","c4",12,16
"1866",5,"P1","c4",12,16
"1867",5,"P1","c4",12,16
"1868",5,"P1","c4",12,16
"1869",5,"P1","c4",12,16
"1870",5,"P1","c4",12,16
"1871",6,"P1","c4",12,16
"1872",6,"P1","c4",12,16
"1873",6,"P1","c4",12,16
"1874",6,"P1","c4",12,16
"1875",7,"P1","c4",12,16
"1876",7,"P1","c4",12,16
"1877",7,"P1","c4",12,16
"1878",7,"P1","c4",12,16
"1879",7,"P1","c4",12,16
"1880",8,"P1","c4",12,16
"1881",8,"P1","c4",12,16
"1882",8,"P1","c4",12,16
"1883",8,"P1","c4",12,16
"1884",9,"P1","c4",12,16
"1885",9,"P1","c4",12,16
"1886",9,"P1","c4",12,16
"1887",9,"P1","c4",12,16
"1888",9,"P1","c4",12,16
"1889",9,"P1","c4",12,16
"1890",9,"P1","c4",12,16
"1891",9,"P1","c4",12,16
"1892",10,"P1","c4",12,16
"1893",10,"P1","c4",12,16
"1894",10,"P1","c4",12,16
"1895",10,"P1","c4",12,16
"1896",10,"P1","c4",12,16
"1897",10,"P1","c4",12,16
"1898",10,"P1","c4",12,16
"1899",10,"P1","c4",12,16
"1900",10,"P1","c4",12,16
"1901",10,"P1","c4",12,16
"1902",10,"P1","c4",12,16
"1903",10,"P1","c4",12,16
"1904",10,"P1","c4",12,16
"1905",10,"P1","c4",12,16
"1906",11,"P1","c4",12,16
"1907",11,"P1","c4",12,16
"1908",11,"P1","c4",12,16
"1909",11,"P1","c4",12,16
"1910",11,"P1","c4",12,16
"1911",11,"P1","c4",12,16
"1912",11,"P1","c4",12,16
"1913",11,"P1","c4",12,16
"1914",11,"P1","c4",12,16
"1915",11,"P1","c4",12,16
"1916",11,"P1","c4",12,16
"1917",11,"P1","c4",12,16
"1918",11,"P1","c4",12,16
"1919",11,"P1","c4",12,16
"1920",11,"P1","c4",12,16
"1921",11,"P1","c4",12,16
"1922",12,"P1","c4",12,16
"1923",12,"P1","c4",12,16
"1924",12,"P1","c4",12,16
"1925",12,"P1","c4",12,16
"1926",12,"P1","c4",12,16
"1927",12,"P1","c4",12,16
"1928",12,"P1","c4",12,16
"1929",13,"P2","c4",12,16
"1930",13,"P2","c4",12,16
"1931",13,"P2","c4",12,16
"1932",13,"P2","c4",12,16
"1933",13,"P2","c4",12,16
"1934",13,"P2","c4",12,16
"1935",13,"P2","c4",12,16
"1936",13,"P2","c4",12,16
"1937",13,"P2","c4",12,16
"1938",13,"P2","c4",12,16
"1939",13,"P2","c4",12,16
"1940",13,"P2","c4",12,16
"1941",13,"P2","c4",12,16
"1942",13,"P2","c4",12,16
"1943",13,"P2","c4",12,16
"1944",13,"P2","c4",12,16
"1945",13,"P2","c4",12,16
"1946",13,"P2","c4",12,16
"1947",13,"P2","c4",12,16
"1948",13,"P2","c4",12,16
"1949",13,"P2","c4",12,16
"1950",13,"P2","c4",12,16
"1951",13,"P2","c4",12,16
"1952",13,"P2","c4",12,16
"1953",13,"P2","c4",12,16
"1954",13,"P2","c4",12,16
"1955",13,"P2","c4",12,16
"1956",14,"P2","c4",12,16
"1957",14,"P2","c4",12,16
"1958",14,"P2","c4",12,16
"1959",14,"P2","c4",12,16
"1960",14,"P2","c4",12,16
"1961",14,"P2","c4",12,16
"1962",14,"P2","c4",12,16
"1963",14,"P2","c4",12,16
"1964",14,"P2","c4",12,16
"1965",14,"P2","c4",12,16
"1966",14,"P2","c4",12,16
"1967",14,"P2","c4",12,16
"1968",14,"P2","c4",12,16
"1969",14,"P2","c4",12,16
"1970",14,"P2","c4",12,16
"1971",14,"P2","c4",12,16
"1972",14,"P2","c4",12,16
"1973",14,"P2","c4",12,16
"1974",14,"P2","c4",12,16
"1975",14,"P2","c4",12,16
"1976",15,"P2","c4",12,16
"1977",15,"P2","c4",12,16
"1978",15,"P2","c4",12,16
"1979",15,"P2","c4",12,16
"1980",15,"P2","c4",12,16
"1981",15,"P2","c4",12,16
"1982",15,"P2","c4",12,16
"1983",15,"P2","c4",12,16
"1984",15,"P2","c4",12,16
"1985",15,"P2","c4",12,16
"1986",15,"P2","c4",12,16
"1987",15,"P2","c4",12,16
"1988",15,"P2","c4",12,16
"1989",16,"P2","c4",12,16
"1990",16,"P2","c4",12,16
"1991",16,"P2","c4",12,16
"1992",16,"P2","c4",12,16
"1993",16,"P2","c4",12,16
"1994",17,"P2","c4",12,16
"1995",17,"P2","c4",12,16
"1996",17,"P2","c4",12,16
"1997",17,"P2","c4",12,16
"1998",17,"P2","c4",12,16
"1999",17,"P2","c4",12,16
"2000",17,"P2","c4",12,16
"2001",17,"P2","c4",12,16
"2002",17,"P2","c4",12,16
"2003",17,"P2","c4",12,16
"2004",17,"P2","c4",12,16
"2005",17,"P2","c4",12,16
"2006",17,"P2","c4",12,16
"2007",17,"P2","c4",12,16
"2008",17,"P2","c4",12,16
"2009",17,"P2","c4",12,16
"2010",17,"P2","c4",12,16
"2011",17,"P2","c4",12,16
"2012",17,"P2","c4",12,16
"2013",17,"P2","c4",12,16
"2014",18,"P2","c4",12,16
"2015",18,"P2","c4",12,16
"2016",18,"P2","c4",12,16
"2017",18,"P2","c4",12,16
"2018",18,"P2","c4",12,16
"2019",18,"P2","c4",12,16
"2020",18,"P2","c4",12,16
"2021",18,"P2","c4",12,16
"2022",18,"P2","c4",12,16
"2023",18,"P2","c4",12,16
"2024",18,"P2","c4",12,16
"2025",18,"P2","c4",12,16
"2026",18,"P2","c4",12,16
"2027",18,"P2","c4",12,16
"2028",18,"P2","c4",12,16
"2029",18,"P2","c4",12,16
"2030",18,"P2","c4",12,16
"2031",18,"P2","c4",12,16
"2032",18,"P2","c4",12,16
"2033",18,"P2","c4",12,16
"2034",18,"P2","c4",12,16
"2035",18,"P2","c4",12,16
"2036",19,"P2","c4",12,16
"2037",19,"P2","c4",12,16
"2038",19,"P2","c4",12,16
"2039",19,"P2","c4",12,16
"2040",19,"P2","c4",12,16
"2041",19,"P2","c4",12,16
"2042",19,"P2","c4",12,16
"2043",19,"P2","c4",12,16
"2044",19,"P2","c4",12,16
"2045",19,"P2","c4",12,16
"2046",19,"P2","c4",12,16
"2047",19,"P2","c4",12,16
"2048",19,"P2","c4",12,16
"2049",19,"P2","c4",12,16
"2050",20,"P2","c4",12,16
"2051",20,"P2","c4",12,16
"2052",20,"P2","c4",12,16
"2053",20,"P2","c4",12,16
"2054",20,"P2","c4",12,16
"2055",20,"P2","c4",12,16
"2056",20,"P2","c4",12,16
"2057",20,"P2","c4",12,16
"2058",20,"P2","c4",12,16
"2059",20,"P2","c4",12,16
"2060",20,"P2","c4",12,16
"2061",20,"P2","c4",12,16
"2062",20,"P2","c4",12,16
"2063",20,"P2","c4",12,16
"2064",20,"P2","c4",12,16
"2065",20,"P2","c4",12,16
"2066",20,"P2","c4",12,16
"2067",21,"P2","c4",12,16
"2068",21,"P2","c4",12,16
"2069",21,"P2","c4",12,16
"2070",21,"P2","c4",12,16
"2071",21,"P2","c4",12,16
"2072",21,"P2","c4",12,16
"2073",21,"P2","c4",12,16
"2074",21,"P2","c4",12,16
"2075",21,"P2","c4",12,16
"2076",21,"P2","c4",12,16
"2077",21,"P2","c4",12,16
"2078",21,"P2","c4",12,16
"2079",21,"P2","c4",12,16
"2080",22,"P2","c4",12,16
"2081",22,"P2","c4",12,16
"2082",22,"P2","c4",12,16
"2083",22,"P2","c4",12,16
"2084",22,"P2","c4",12,16
"2085",22,"P2","c4",12,16
"2086",22,"P2","c4",12,16
"2087",22,"P2","c4",12,16
"2088",22,"P2","c4",12,16
"2089",22,"P2","c4",12,16
"2090",22,"P2","c4",12,16
"2091",22,"P2","c4",12,16
"2092",23,"P2","c4",12,16
"2093",23,"P2","c4",12,16
"2094",23,"P2","c4",12,16
"2095",23,"P2","c4",12,16
"2096",23,"P2","c4",12,16
"2097",23,"P2","c4",12,16
"2098",23,"P2","c4",12,16
"2099",23,"P2","c4",12,16
"2100",23,"P2","c4",12,16
"2101",23,"P2","c4",12,16
"2102",23,"P2","c4",12,16
"2103",23,"P2","c4",12,16
"2104",23,"P2","c4",12,16
"2105",23,"P2","c4",12,16
"2106",23,"P2","c4",12,16
"2107",23,"P2","c4",12,16
"2108",23,"P2","c4",12,16
"2109",23,"P2","c4",12,16
"2110",23,"P2","c4",12,16
"2111",23,"P2","c4",12,16
"2112",24,"P2","c4",12,16
"2113",24,"P2","c4",12,16
"2114",24,"P2","c4",12,16
"2115",24,"P2","c4",12,16
"2116",24,"P2","c4",12,16
"2117",24,"P2","c4",12,16
"2118",24,"P2","c4",12,16
"2119",24,"P2","c4",12,16
"2120",24,"P2","c4",12,16
"2121",24,"P2","c4",12,16
"2122",24,"P2","c4",12,16
"2123",24,"P2","c4",12,16
"2124",24,"P2","c4",12,16
"2125",24,"P2","c4",12,16
"2126",24,"P2","c4",12,16
"2127",24,"P2","c4",12,16
"2128",24,"P2","c4",12,16
"2129",24,"P2","c4",12,16
"2130",24,"P2","c4",12,16
"2131",1,"P1","c5",16,NA
"2132",1,"P1","c5",16,NA
"2133",1,"P1","c5",16,NA
"2134",1,"P1","c5",16,NA
"2135",1,"P1","c5",16,NA
"2136",1,"P1","c5",16,NA
"2137",1,"P1","c5",16,NA
"2138",1,"P1","c5",16,NA
"2139",1,"P1","c5",16,NA
"2140",1,"P1","c5",16,NA
"2141",1,"P1","c5",16,NA
"2142",1,"P1","c5",16,NA
"2143",1,"P1","c5",16,NA
"2144",1,"P1","c5",16,NA
"2145",2,"P1","c5",16,NA
"2146",2,"P1","c5",16,NA
"2147",2,"P1","c5",16,NA
"2148",2,"P1","c5",16,NA
"2149",2,"P1","c5",16,NA
"2150",2,"P1","c5",16,NA
"2151",2,"P1","c5",16,NA
"2152",2,"P1","c5",16,NA
"2153",2,"P1","c5",16,NA
"2154",2,"P1","c5",16,NA
"2155",3,"P1","c5",16,NA
"2156",3,"P1","c5",16,NA
"2157",3,"P1","c5",16,NA
"2158",3,"P1","c5",16,NA
"2159",3,"P1","c5",16,NA
"2160",3,"P1","c5",16,NA
"2161",3,"P1","c5",16,NA
"2162",3,"P1","c5",16,NA
"2163",4,"P1","c5",16,NA
"2164",4,"P1","c5",16,NA
"2165",4,"P1","c5",16,NA
"2166",5,"P1","c5",16,NA
"2167",5,"P1","c5",16,NA
"2168",5,"P1","c5",16,NA
"2169",6,"P1","c5",16,NA
"2170",6,"P1","c5",16,NA
"2171",6,"P1","c5",16,NA
"2172",6,"P1","c5",16,NA
"2173",6,"P1","c5",16,NA
"2174",6,"P1","c5",16,NA
"2175",6,"P1","c5",16,NA
"2176",6,"P1","c5",16,NA
"2177",6,"P1","c5",16,NA
"2178",6,"P1","c5",16,NA
"2179",7,"P1","c5",16,NA
"2180",7,"P1","c5",16,NA
"2181",7,"P1","c5",16,NA
"2182",7,"P1","c5",16,NA
"2183",7,"P1","c5",16,NA
"2184",7,"P1","c5",16,NA
"2185",7,"P1","c5",16,NA
"2186",7,"P1","c5",16,NA
"2187",7,"P1","c5",16,NA
"2188",8,"P1","c5",16,NA
"2189",9,"P1","c5",16,NA
"2190",9,"P1","c5",16,NA
"2191",9,"P1","c5",16,NA
"2192",9,"P1","c5",16,NA
"2193",9,"P1","c5",16,NA
"2194",9,"P1","c5",16,NA
"2195",9,"P1","c5",16,NA
"2196",9,"P1","c5",16,NA
"2197",10,"P1","c5",16,NA
"2198",10,"P1","c5",16,NA
"2199",10,"P1","c5",16,NA
"2200",10,"P1","c5",16,NA
"2201",10,"P1","c5",16,NA
"2202",10,"P1","c5",16,NA
"2203",10,"P1","c5",16,NA
"2204",10,"P1","c5",16,NA
"2205",11,"P1","c5",16,NA
"2206",11,"P1","c5",16,NA
"2207",11,"P1","c5",16,NA
"2208",11,"P1","c5",16,NA
"2209",11,"P1","c5",16,NA
"2210",11,"P1","c5",16,NA
"2211",11,"P1","c5",16,NA
"2212",12,"P1","c5",16,NA
"2213",12,"P1","c5",16,NA
"2214",12,"P1","c5",16,NA
"2215",12,"P1","c5",16,NA
"2216",12,"P1","c5",16,NA
"2217",12,"P1","c5",16,NA
"2218",12,"P1","c5",16,NA
"2219",12,"P1","c5",16,NA
"2220",12,"P1","c5",16,NA
"2221",12,"P1","c5",16,NA
"2222",13,"P2","c5",16,NA
"2223",13,"P2","c5",16,NA
"2224",13,"P2","c5",16,NA
"2225",13,"P2","c5",16,NA
"2226",13,"P2","c5",16,NA
"2227",13,"P2","c5",16,NA
"2228",13,"P2","c5",16,NA
"2229",13,"P2","c5",16,NA
"2230",13,"P2","c5",16,NA
"2231",13,"P2","c5",16,NA
"2232",13,"P2","c5",16,NA
"2233",13,"P2","c5",16,NA
"2234",13,"P2","c5",16,NA
"2235",13,"P2","c5",16,NA
"2236",13,"P2","c5",16,NA
"2237",13,"P2","c5",16,NA
"2238",13,"P2","c5",16,NA
"2239",13,"P2","c5",16,NA
"2240",13,"P2","c5",16,NA
"2241",14,"P2","c5",16,NA
"2242",14,"P2","c5",16,NA
"2243",14,"P2","c5",16,NA
"2244",14,"P2","c5",16,NA
"2245",14,"P2","c5",16,NA
"2246",14,"P2","c5",16,NA
"2247",14,"P2","c5",16,NA
"2248",14,"P2","c5",16,NA
"2249",14,"P2","c5",16,NA
"2250",14,"P2","c5",16,NA
"2251",14,"P2","c5",16,NA
"2252",14,"P2","c5",16,NA
"2253",14,"P2","c5",16,NA
"2254",14,"P2","c5",16,NA
"2255",14,"P2","c5",16,NA
"2256",15,"P2","c5",16,NA
"2257",15,"P2","c5",16,NA
"2258",15,"P2","c5",16,NA
"2259",15,"P2","c5",16,NA
"2260",15,"P2","c5",16,NA
"2261",15,"P2","c5",16,NA
"2262",15,"P2","c5",16,NA
"2263",15,"P2","c5",16,NA
"2264",15,"P2","c5",16,NA
"2265",15,"P2","c5",16,NA
"2266",15,"P2","c5",16,NA
"2267",15,"P2","c5",16,NA
"2268",15,"P2","c5",16,NA
"2269",15,"P2","c5",16,NA
"2270",15,"P2","c5",16,NA
"2271",15,"P2","c5",16,NA
"2272",15,"P2","c5",16,NA
"2273",15,"P2","c5",16,NA
"2274",15,"P2","c5",16,NA
"2275",16,"P2","c5",16,NA
"2276",16,"P2","c5",16,NA
"2277",16,"P2","c5",16,NA
"2278",16,"P2","c5",16,NA
"2279",16,"P2","c5",16,NA
"2280",16,"P2","c5",16,NA
"2281",16,"P2","c5",16,NA
"2282",16,"P2","c5",16,NA
"2283",16,"P2","c5",16,NA
"2284",16,"P2","c5",16,NA
"2285",16,"P2","c5",16,NA
"2286",16,"P2","c5",16,NA
"2287",16,"P2","c5",16,NA
"2288",16,"P2","c5",16,NA
"2289",16,"P2","c5",16,NA
"2290",16,"P2","c5",16,NA
"2291",16,"P2","c5",16,NA
"2292",16,"P2","c5",16,NA
"2293",16,"P2","c5",16,NA
"2294",16,"P2","c5",16,NA
"2295",17,"P2","c5",16,NA
"2296",17,"P2","c5",16,NA
"2297",17,"P2","c5",16,NA
"2298",17,"P2","c5",16,NA
"2299",17,"P2","c5",16,NA
"2300",17,"P2","c5",16,NA
"2301",17,"P2","c5",16,NA
"2302",17,"P2","c5",16,NA
"2303",17,"P2","c5",16,NA
"2304",17,"P2","c5",16,NA
"2305",17,"P2","c5",16,NA
"2306",17,"P2","c5",16,NA
"2307",17,"P2","c5",16,NA
"2308",17,"P2","c5",16,NA
"2309",17,"P2","c5",16,NA
"2310",17,"P2","c5",16,NA
"2311",17,"P2","c5",16,NA
"2312",17,"P2","c5",16,NA
"2313",17,"P2","c5",16,NA
"2314",17,"P2","c5",16,NA
"2315",18,"P2","c5",16,NA
"2316",18,"P2","c5",16,NA
"2317",18,"P2","c5",16,NA
"2318",18,"P2","c5",16,NA
"2319",18,"P2","c5",16,NA
"2320",18,"P2","c5",16,NA
"2321",18,"P2","c5",16,NA
"2322",18,"P2","c5",16,NA
"2323",18,"P2","c5",16,NA
"2324",18,"P2","c5",16,NA
"2325",18,"P2","c5",16,NA
"2326",18,"P2","c5",16,NA
"2327",18,"P2","c5",16,NA
"2328",19,"P2","c5",16,NA
"2329",19,"P2","c5",16,NA
"2330",19,"P2","c5",16,NA
"2331",19,"P2","c5",16,NA
"2332",19,"P2","c5",16,NA
"2333",19,"P2","c5",16,NA
"2334",19,"P2","c5",16,NA
"2335",19,"P2","c5",16,NA
"2336",19,"P2","c5",16,NA
"2337",19,"P2","c5",16,NA
"2338",19,"P2","c5",16,NA
"2339",19,"P2","c5",16,NA
"2340",19,"P2","c5",16,NA
"2341",19,"P2","c5",16,NA
"2342",19,"P2","c5",16,NA
"2343",19,"P2","c5",16,NA
"2344",19,"P2","c5",16,NA
"2345",19,"P2","c5",16,NA
"2346",20,"P2","c5",16,NA
"2347",20,"P2","c5",16,NA
"2348",20,"P2","c5",16,NA
"2349",20,"P2","c5",16,NA
"2350",20,"P2","c5",16,NA
"2351",20,"P2","c5",16,NA
"2352",20,"P2","c5",16,NA
"2353",20,"P2","c5",16,NA
"2354",20,"P2","c5",16,NA
"2355",20,"P2","c5",16,NA
"2356",20,"P2","c5",16,NA
"2357",21,"P2","c5",16,NA
"2358",21,"P2","c5",16,NA
"2359",21,"P2","c5",16,NA
"2360",21,"P2","c5",16,NA
"2361",21,"P2","c5",16,NA
"2362",21,"P2","c5",16,NA
"2363",21,"P2","c5",16,NA
"2364",21,"P2","c5",16,NA
"2365",21,"P2","c5",16,NA
"2366",21,"P2","c5",16,NA
"2367",21,"P2","c5",16,NA
"2368",21,"P2","c5",16,NA
"2369",21,"P2","c5",16,NA
"2370",21,"P2","c5",16,NA
"2371",21,"P2","c5",16,NA
"2372",21,"P2","c5",16,NA
"2373",21,"P2","c5",16,NA
"2374",21,"P2","c5",16,NA
"2375",21,"P2","c5",16,NA
"2376",21,"P2","c5",16,NA
"2377",21,"P2","c5",16,NA
"2378",22,"P2","c5",16,NA
"2379",22,"P2","c5",16,NA
"2380",22,"P2","c5",16,NA
"2381",22,"P2","c5",16,NA
"2382",22,"P2","c5",16,NA
"2383",22,"P2","c5",16,NA
"2384",22,"P2","c5",16,NA
"2385",22,"P2","c5",16,NA
"2386",22,"P2","c5",16,NA
"2387",22,"P2","c5",16,NA
"2388",22,"P2","c5",16,NA
"2389",22,"P2","c5",16,NA
"2390",22,"P2","c5",16,NA
"2391",22,"P2","c5",16,NA
"2392",22,"P2","c5",16,NA
"2393",22,"P2","c5",16,NA
"2394",22,"P2","c5",16,NA
"2395",22,"P2","c5",16,NA
"2396",22,"P2","c5",16,NA
"2397",22,"P2","c5",16,NA
"2398",22,"P2","c5",16,NA
"2399",22,"P2","c5",16,NA
"2400",22,"P2","c5",16,NA
"2401",22,"P2","c5",16,NA
"2402",22,"P2","c5",16,NA
"2403",22,"P2","c5",16,NA
"2404",23,"P2","c5",16,NA
"2405",23,"P2","c5",16,NA
"2406",23,"P2","c5",16,NA
"2407",23,"P2","c5",16,NA
"2408",23,"P2","c5",16,NA
"2409",23,"P2","c5",16,NA
"2410",23,"P2","c5",16,NA
"2411",23,"P2","c5",16,NA
"2412",23,"P2","c5",16,NA
"2413",23,"P2","c5",16,NA
"2414",23,"P2","c5",16,NA
"2415",23,"P2","c5",16,NA
"2416",23,"P2","c5",16,NA
"2417",23,"P2","c5",16,NA
"2418",23,"P2","c5",16,NA
"2419",23,"P2","c5",16,NA
"2420",23,"P2","c5",16,NA
"2421",23,"P2","c5",16,NA
"2422",23,"P2","c5",16,NA
"2423",23,"P2","c5",16,NA
"2424",23,"P2","c5",16,NA
"2425",23,"P2","c5",16,NA
"2426",24,"P2","c5",16,NA
"2427",24,"P2","c5",16,NA
"2428",24,"P2","c5",16,NA
"2429",24,"P2","c5",16,NA
"2430",24,"P2","c5",16,NA
"2431",24,"P2","c5",16,NA
"2432",24,"P2","c5",16,NA
"2433",24,"P2","c5",16,NA
"2434",24,"P2","c5",16,NA
"2435",24,"P2","c5",16,NA
"2436",24,"P2","c5",16,NA
"2437",24,"P2","c5",16,NA
"2438",24,"P2","c5",16,NA
"2439",24,"P2","c5",16,NA
"2440",24,"P2","c5",16,NA
"2441",24,"P2","c5",16,NA
